JA,050,507,
1,
507-050-0001-0000001,507-050-0001-0000001.png,
507-050-0001-0000002,507-050-0001-0000002.png,
507-050-0001-0000003,507-050-0001-0000003.png,
507-050-0001-0000004,507-050-0001-0000004.png,
507-050-0001-0000005,507-050-0001-0000005.png,
507-050-0001-0000006,507-050-0001-0000006.png,
507-050-0001-0000007,507-050-0001-0000007.png,
507-050-0001-0000008,507-050-0001-0000008.png,
507-050-0001-0000009,507-050-0001-0000009.png,
507-050-0001-0000010,507-050-0001-0000010.png,
507-050-0001-0000011,507-050-0001-0000011.png,
507-050-0001-0000012,507-050-0001-0000012.png,
507-050-0001-0000013,507-050-0001-0000013.png,
507-050-0001-0000014,507-050-0001-0000014.png,
507-050-0001-0000015,507-050-0001-0000015.png,
507-050-0001-0000016,507-050-0001-0000016.png,
507-050-0001-0000017,507-050-0001-0000017.png,
507-050-0001-0000018,507-050-0001-0000018.png,
507-050-0001-0000019,507-050-0001-0000019.png,
507-050-0001-0000020,507-050-0001-0000020.png,
507-050-0001-0000021,507-050-0001-0000021.png,
507-050-0001-0000022,507-050-0001-0000022.png,
507-050-0001-0000023,507-050-0001-0000023.png,
507-050-0001-0000024,507-050-0001-0000024.png,
507-050-0001-0000025,507-050-0001-0000025.png,
507-050-0001-0000026,507-050-0001-0000026.png,
507-050-0001-0000027,507-050-0001-0000027.png,
507-050-0001-0000028,507-050-0001-0000028.png,
507-050-0001-0000029,507-050-0001-0000029.png,
507-050-0001-0000030,507-050-0001-0000030.png,
507-050-0001-0000031,507-050-0001-0000031.png,
507-050-0001-0000032,507-050-0001-0000032.png,
507-050-0001-0000033,507-050-0001-0000033.png,
507-050-0001-0000034,507-050-0001-0000034.png,
507-050-0001-0000035,507-050-0001-0000035.png,
507-050-0001-0000036,507-050-0001-0000036.png,
507-050-0001-0000037,507-050-0001-0000037.png,
507-050-0001-0000038,507-050-0001-0000038.png,
507-050-0001-0000039,507-050-0001-0000039.png,
507-050-0001-0000040,507-050-0001-0000040.png,
507-050-0001-0000041,507-050-0001-0000041.png,
507-050-0001-0000042,507-050-0001-0000042.png,
507-050-0001-0000043,507-050-0001-0000043.png,
507-050-0001-0000044,507-050-0001-0000044.png,
507-050-0001-0000045,507-050-0001-0000045.png,
507-050-0001-0000046,507-050-0001-0000046.png,
507-050-0001-0000039,507-050-0001-0000039.png,
507-050-0001-0000040,507-050-0001-0000040.png,
507-050-0001-0000011,507-050-0001-0000011.png,
507-050-0001-0000012,507-050-0001-0000012.png,
507-050-0001-0000051,507-050-0001-0000051.png,
507-050-0001-0000052,507-050-0001-0000052.png,
507-050-0001-0000053,507-050-0001-0000053.png,
507-050-0001-0000054,507-050-0001-0000054.png,
507-050-0001-0000041,507-050-0001-0000041.png,
507-050-0001-0000042,507-050-0001-0000042.png,
507-050-0001-0000057,507-050-0001-0000057.png,
507-050-0001-0000058,507-050-0001-0000058.png,
507-050-0001-0000059,507-050-0001-0000059.png,
507-050-0001-0000060,507-050-0001-0000060.png,
507-050-0001-0000043,507-050-0001-0000043.png,
507-050-0001-0000044,507-050-0001-0000044.png,
507-050-0001-0000063,507-050-0001-0000063.png,
507-050-0001-0000064,507-050-0001-0000064.png,
507-050-0001-0000065,507-050-0001-0000065.png,
507-050-0001-0000066,507-050-0001-0000066.png,
507-050-0001-0000067,507-050-0001-0000067.png,
507-050-0001-0000068,507-050-0001-0000068.png,
507-050-0001-0000069,507-050-0001-0000069.png,
507-050-0001-0000070,507-050-0001-0000070.png,
507-050-0001-0000071,507-050-0001-0000071.png,
507-050-0001-0000072,507-050-0001-0000072.png,
507-050-0001-0000073,507-050-0001-0000073.png,
507-050-0001-0000074,507-050-0001-0000074.png,
507-050-0001-0000075,507-050-0001-0000075.png,
507-050-0001-0000076,507-050-0001-0000076.png,
507-050-0001-0000077,507-050-0001-0000077.png,
507-050-0001-0000078,507-050-0001-0000078.png,
507-050-0001-0000079,507-050-0001-0000079.png,
507-050-0001-0000080,507-050-0001-0000080.png,
507-050-0001-0000081,507-050-0001-0000081.png,
507-050-0001-0000082,507-050-0001-0000082.png,
507-050-0001-0000083,507-050-0001-0000083.png,
507-050-0001-0000084,507-050-0001-0000084.png,
507-050-0001-0000085,507-050-0001-0000085.png,
507-050-0001-0000086,507-050-0001-0000086.png,
507-050-0001-0000087,507-050-0001-0000087.png,
507-050-0001-0000088,507-050-0001-0000088.png,
507-050-0001-0000089,507-050-0001-0000089.png,
507-050-0001-0000090,507-050-0001-0000090.png,
507-050-0001-0000091,507-050-0001-0000091.png,
507-050-0001-0000092,507-050-0001-0000092.png,
507-050-0001-0000093,507-050-0001-0000093.png,
507-050-0001-0000094,507-050-0001-0000094.png,
507-050-0001-0000095,507-050-0001-0000095.png,
507-050-0001-0000096,507-050-0001-0000096.png,
507-050-0001-0000097,507-050-0001-0000097.png,
507-050-0001-0000098,507-050-0001-0000098.png,
507-050-0001-0000099,507-050-0001-0000099.png,
507-050-0001-0000100,507-050-0001-0000100.png,
507-050-0001-0000101,507-050-0001-0000101.png,
507-050-0001-0000102,507-050-0001-0000102.png,
507-050-0001-0000103,507-050-0001-0000103.png,
507-050-0001-0000104,507-050-0001-0000104.png,
507-050-0001-0000105,507-050-0001-0000105.png,
507-050-0001-0000106,507-050-0001-0000106.png,
507-050-0001-0000107,507-050-0001-0000107.png,
507-050-0001-0000108,507-050-0001-0000108.png,
507-050-0001-0000109,507-050-0001-0000109.png,
507-050-0001-0000110,507-050-0001-0000110.png,
507-050-0001-0000111,507-050-0001-0000111.png,
507-050-0001-0000112,507-050-0001-0000112.png,
507-050-0001-0000113,507-050-0001-0000113.png,
507-050-0001-0000114,507-050-0001-0000114.png,
507-050-0001-0000115,507-050-0001-0000115.png,
507-050-0001-0000116,507-050-0001-0000116.png,
507-050-0001-0000117,507-050-0001-0000117.png,
507-050-0001-0000118,507-050-0001-0000118.png,
507-050-0001-0000119,507-050-0001-0000119.png,
507-050-0001-0000120,507-050-0001-0000120.png,
507-050-0001-0000121,507-050-0001-0000121.png,
507-050-0001-0000122,507-050-0001-0000122.png,
507-050-0001-0000123,507-050-0001-0000123.png,
507-050-0001-0000124,507-050-0001-0000124.png,
507-050-0001-0000125,507-050-0001-0000125.png,
507-050-0001-0000126,507-050-0001-0000126.png,
507-050-0001-0000127,507-050-0001-0000127.png,
507-050-0001-0000128,507-050-0001-0000128.png,
507-050-0001-0000129,507-050-0001-0000129.png,
507-050-0001-0000130,507-050-0001-0000130.png,
507-050-0001-0000131,507-050-0001-0000131.png,
507-050-0001-0000132,507-050-0001-0000132.png,
507-050-0001-0000133,507-050-0001-0000133.png,
507-050-0001-0000134,507-050-0001-0000134.png,
507-050-0001-0000135,507-050-0001-0000135.png,
507-050-0001-0000136,507-050-0001-0000136.png,
507-050-0001-0000137,507-050-0001-0000137.png,
507-050-0001-0000138,507-050-0001-0000138.png,
507-050-0001-0000139,507-050-0001-0000139.png,
507-050-0001-0000140,507-050-0001-0000140.png,
507-050-0001-0000141,507-050-0001-0000141.png,
507-050-0001-0000142,507-050-0001-0000142.png,
507-050-0001-0000143,507-050-0001-0000143.png,
507-050-0001-0000144,507-050-0001-0000144.png,
507-050-0001-0000145,507-050-0001-0000145.png,
507-050-0001-0000146,507-050-0001-0000146.png,
507-050-0001-0000147,507-050-0001-0000147.png,
507-050-0001-0000148,507-050-0001-0000148.png,
507-050-0001-0000149,507-050-0001-0000149.png,
507-050-0001-0000150,507-050-0001-0000150.png,
507-050-0001-0000151,507-050-0001-0000151.png,
507-050-0001-0000152,507-050-0001-0000152.png,
507-050-0001-0000153,507-050-0001-0000153.png,
507-050-0001-0000154,507-050-0001-0000154.png,
507-050-0001-0000155,507-050-0001-0000155.png,
507-050-0001-0000156,507-050-0001-0000156.png,
507-050-0001-0000157,507-050-0001-0000157.png,
507-050-0001-0000158,507-050-0001-0000158.png,
507-050-0001-0000159,507-050-0001-0000159.png,
507-050-0001-0000160,507-050-0001-0000160.png,
507-050-0001-0000161,507-050-0001-0000161.png,
507-050-0001-0000162,507-050-0001-0000162.png,
507-050-0001-0000163,507-050-0001-0000163.png,
507-050-0001-0000164,507-050-0001-0000164.png,
507-050-0001-0000165,507-050-0001-0000165.png,
507-050-0001-0000166,507-050-0001-0000166.png,
507-050-0001-0000167,507-050-0001-0000167.png,
507-050-0001-0000168,507-050-0001-0000168.png,
507-050-0001-0000169,507-050-0001-0000169.png,
507-050-0001-0000170,507-050-0001-0000170.png,
507-050-0001-0000171,507-050-0001-0000171.png,
507-050-0001-0000172,507-050-0001-0000172.png,
507-050-0001-0000173,507-050-0001-0000173.png,
507-050-0001-0000174,507-050-0001-0000174.png,
507-050-0001-0000175,507-050-0001-0000175.png,
507-050-0001-0000176,507-050-0001-0000176.png,
507-050-0001-0000177,507-050-0001-0000177.png,
507-050-0001-0000178,507-050-0001-0000178.png,
507-050-0001-0000179,507-050-0001-0000179.png,
507-050-0001-0000180,507-050-0001-0000180.png,
507-050-0001-0000181,507-050-0001-0000181.png,
507-050-0001-0000182,507-050-0001-0000182.png,
507-050-0001-0000183,507-050-0001-0000183.png,
507-050-0001-0000184,507-050-0001-0000184.png,
507-050-0001-0000185,507-050-0001-0000185.png,
507-050-0001-0000186,507-050-0001-0000186.png,
507-050-0001-0000187,507-050-0001-0000187.png,
507-050-0001-0000188,507-050-0001-0000188.png,
507-050-0001-0000189,507-050-0001-0000189.png,
507-050-0001-0000190,507-050-0001-0000190.png,
507-050-0001-0000191,507-050-0001-0000191.png,
507-050-0001-0000192,507-050-0001-0000192.png,
507-050-0001-0000193,507-050-0001-0000193.png,
507-050-0001-0000194,507-050-0001-0000194.png,
507-050-0001-0000195,507-050-0001-0000195.png,
507-050-0001-0000196,507-050-0001-0000196.png,
507-050-0001-0000197,507-050-0001-0000197.png,
507-050-0001-0000198,507-050-0001-0000198.png,
507-050-0001-0000199,507-050-0001-0000199.png,
507-050-0001-0000200,507-050-0001-0000200.png,
507-050-0001-0000201,507-050-0001-0000201.png,
507-050-0001-0000202,507-050-0001-0000202.png,
507-050-0001-0000203,507-050-0001-0000203.png,
507-050-0001-0000204,507-050-0001-0000204.png,
507-050-0001-0000205,507-050-0001-0000205.png,
507-050-0001-0000206,507-050-0001-0000206.png,
507-050-0001-0000207,507-050-0001-0000207.png,
507-050-0001-0000208,507-050-0001-0000208.png,
507-050-0001-0000209,507-050-0001-0000209.png,
507-050-0001-0000210,507-050-0001-0000210.png,
507-050-0001-0000211,507-050-0001-0000211.png,
507-050-0001-0000212,507-050-0001-0000212.png,
507-050-0001-0000213,507-050-0001-0000213.png,
507-050-0001-0000214,507-050-0001-0000214.png,
507-050-0001-0000215,507-050-0001-0000215.png,
507-050-0001-0000216,507-050-0001-0000216.png,
507-050-0001-0000217,507-050-0001-0000217.png,
507-050-0001-0000218,507-050-0001-0000218.png,
507-050-0001-0000219,507-050-0001-0000219.png,
507-050-0001-0000220,507-050-0001-0000220.png,
507-050-0001-0000221,507-050-0001-0000221.png,
507-050-0001-0000222,507-050-0001-0000222.png,
507-050-0001-0000223,507-050-0001-0000223.png,
507-050-0001-0000224,507-050-0001-0000224.png,
507-050-0001-0000225,507-050-0001-0000225.png,
507-050-0001-0000226,507-050-0001-0000226.png,
507-050-0001-0000227,507-050-0001-0000227.png,
507-050-0001-0000228,507-050-0001-0000228.png,
507-050-0001-0000229,507-050-0001-0000229.png,
507-050-0001-0000230,507-050-0001-0000230.png,
507-050-0001-0000231,507-050-0001-0000231.png,
507-050-0001-0000232,507-050-0001-0000232.png,
507-050-0001-0000233,507-050-0001-0000233.png,
507-050-0001-0000234,507-050-0001-0000234.png,
507-050-0001-0000235,507-050-0001-0000235.png,
507-050-0001-0000236,507-050-0001-0000236.png,
507-050-0001-0000237,507-050-0001-0000237.png,
507-050-0001-0000238,507-050-0001-0000238.png,
507-050-0001-0000239,507-050-0001-0000239.png,
507-050-0001-0000240,507-050-0001-0000240.png,
507-050-0001-0000241,507-050-0001-0000241.png,
507-050-0001-0000242,507-050-0001-0000242.png,
507-050-0001-0000243,507-050-0001-0000243.png,
507-050-0001-0000244,507-050-0001-0000244.png,
507-050-0001-0000245,507-050-0001-0000245.png,
507-050-0001-0000246,507-050-0001-0000246.png,
507-050-0001-0000247,507-050-0001-0000247.png,
507-050-0001-0000248,507-050-0001-0000248.png,
507-050-0001-0000249,507-050-0001-0000249.png,
507-050-0001-0000250,507-050-0001-0000250.png,
507-050-0001-0000251,507-050-0001-0000251.png,
507-050-0001-0000252,507-050-0001-0000252.png,
507-050-0001-0000253,507-050-0001-0000253.png,
507-050-0001-0000254,507-050-0001-0000254.png,
507-050-0001-0000255,507-050-0001-0000255.png,
507-050-0001-0000256,507-050-0001-0000256.png,
507-050-0001-0000257,507-050-0001-0000257.png,
507-050-0001-0000258,507-050-0001-0000258.png,
507-050-0001-0000259,507-050-0001-0000259.png,
507-050-0001-0000260,507-050-0001-0000260.png,
507-050-0001-0000261,507-050-0001-0000261.png,
507-050-0001-0000262,507-050-0001-0000262.png,
507-050-0001-0000263,507-050-0001-0000263.png,
507-050-0001-0000264,507-050-0001-0000264.png,
507-050-0001-0000265,507-050-0001-0000265.png,
507-050-0001-0000266,507-050-0001-0000266.png,
507-050-0001-0000267,507-050-0001-0000267.png,
507-050-0001-0000268,507-050-0001-0000268.png,
507-050-0001-0000269,507-050-0001-0000269.png,
507-050-0001-0000270,507-050-0001-0000270.png,
507-050-0001-0000271,507-050-0001-0000271.png,
507-050-0001-0000272,507-050-0001-0000272.png,
507-050-0001-0000273,507-050-0001-0000273.png,
507-050-0001-0000274,507-050-0001-0000274.png,
507-050-0001-0000275,507-050-0001-0000275.png,
507-050-0001-0000276,507-050-0001-0000276.png,
507-050-0001-0000277,507-050-0001-0000277.png,
507-050-0001-0000278,507-050-0001-0000278.png,
507-050-0001-0000279,507-050-0001-0000279.png,
507-050-0001-0000280,507-050-0001-0000280.png,
507-050-0001-0000281,507-050-0001-0000281.png,
507-050-0001-0000282,507-050-0001-0000282.png,
507-050-0001-0000283,507-050-0001-0000283.png,
507-050-0001-0000284,507-050-0001-0000284.png,
507-050-0001-0000285,507-050-0001-0000285.png,
507-050-0001-0000286,507-050-0001-0000286.png,
507-050-0001-0000287,507-050-0001-0000287.png,
507-050-0001-0000288,507-050-0001-0000288.png,
507-050-0001-0000289,507-050-0001-0000289.png,
507-050-0001-0000290,507-050-0001-0000290.png,
507-050-0001-0000291,507-050-0001-0000291.png,
507-050-0001-0000292,507-050-0001-0000292.png,
507-050-0001-0000293,507-050-0001-0000293.png,
507-050-0001-0000294,507-050-0001-0000294.png,
507-050-0001-0000295,507-050-0001-0000295.png,
507-050-0001-0000296,507-050-0001-0000296.png,
507-050-0001-0000297,507-050-0001-0000297.png,
507-050-0001-0000298,507-050-0001-0000298.png,
507-050-0001-0000299,507-050-0001-0000299.png,
507-050-0001-0000300,507-050-0001-0000300.png,
507-050-0001-0000301,507-050-0001-0000301.png,
507-050-0001-0000302,507-050-0001-0000302.png,
507-050-0001-0000303,507-050-0001-0000303.png,
507-050-0001-0000304,507-050-0001-0000304.png,
507-050-0001-0000305,507-050-0001-0000305.png,
507-050-0001-0000306,507-050-0001-0000306.png,
507-050-0001-0000307,507-050-0001-0000307.png,
507-050-0001-0000308,507-050-0001-0000308.png,
507-050-0001-0000309,507-050-0001-0000309.png,
507-050-0001-0000310,507-050-0001-0000310.png,
507-050-0001-0000311,507-050-0001-0000311.png,
507-050-0001-0000312,507-050-0001-0000312.png,
507-050-0001-0000313,507-050-0001-0000313.png,
507-050-0001-0000314,507-050-0001-0000314.png,
507-050-0001-0000315,507-050-0001-0000315.png,
507-050-0001-0000316,507-050-0001-0000316.png,
507-050-0001-0000317,507-050-0001-0000317.png,
507-050-0001-0000318,507-050-0001-0000318.png,
507-050-0001-0000319,507-050-0001-0000319.png,
507-050-0001-0000320,507-050-0001-0000320.png,
507-050-0001-0000321,507-050-0001-0000321.png,
507-050-0001-0000322,507-050-0001-0000322.png,
507-050-0001-0000323,507-050-0001-0000323.png,
507-050-0001-0000324,507-050-0001-0000324.png,
507-050-0001-0000325,507-050-0001-0000325.png,
507-050-0001-0000326,507-050-0001-0000326.png,
507-050-0001-0000327,507-050-0001-0000327.png,
507-050-0001-0000328,507-050-0001-0000328.png,
507-050-0001-0000329,507-050-0001-0000329.png,
507-050-0001-0000330,507-050-0001-0000330.png,
507-050-0001-0000331,507-050-0001-0000331.png,
507-050-0001-0000332,507-050-0001-0000332.png,
507-050-0001-0000333,507-050-0001-0000333.png,
507-050-0001-0000334,507-050-0001-0000334.png,
507-050-0001-0000335,507-050-0001-0000335.png,
507-050-0001-0000336,507-050-0001-0000336.png,
507-050-0001-0000337,507-050-0001-0000337.png,
507-050-0001-0000338,507-050-0001-0000338.png,
507-050-0001-0000339,507-050-0001-0000339.png,
507-050-0001-0000340,507-050-0001-0000340.png,
507-050-0001-0000341,507-050-0001-0000341.png,
507-050-0001-0000342,507-050-0001-0000342.png,
507-050-0001-0000343,507-050-0001-0000343.png,
507-050-0001-0000344,507-050-0001-0000344.png,
507-050-0001-0000345,507-050-0001-0000345.png,
507-050-0001-0000346,507-050-0001-0000346.png,
507-050-0001-0000347,507-050-0001-0000347.png,
507-050-0001-0000348,507-050-0001-0000348.png,
507-050-0001-0000349,507-050-0001-0000349.png,
507-050-0001-0000350,507-050-0001-0000350.png,
507-050-0001-0000351,507-050-0001-0000351.png,
507-050-0001-0000352,507-050-0001-0000352.png,
507-050-0001-0000353,507-050-0001-0000353.png,
507-050-0001-0000354,507-050-0001-0000354.png,
507-050-0001-0000355,507-050-0001-0000355.png,
507-050-0001-0000356,507-050-0001-0000356.png,
507-050-0001-0000357,507-050-0001-0000357.png,
507-050-0001-0000358,507-050-0001-0000358.png,
507-050-0001-0000359,507-050-0001-0000359.png,
507-050-0001-0000360,507-050-0001-0000360.png,
507-050-0001-0000361,507-050-0001-0000361.png,
507-050-0001-0000362,507-050-0001-0000362.png,
507-050-0001-0000363,507-050-0001-0000363.png,
507-050-0001-0000364,507-050-0001-0000364.png,
507-050-0001-0000365,507-050-0001-0000365.png,
507-050-0001-0000366,507-050-0001-0000366.png,
507-050-0001-0000367,507-050-0001-0000367.png,
507-050-0001-0000368,507-050-0001-0000368.png,
507-050-0001-0000369,507-050-0001-0000369.png,
507-050-0001-0000370,507-050-0001-0000370.png,
507-050-0001-0000371,507-050-0001-0000371.png,
507-050-0001-0000372,507-050-0001-0000372.png,
507-050-0001-0000373,507-050-0001-0000373.png,
507-050-0001-0000374,507-050-0001-0000374.png,
507-050-0001-0000375,507-050-0001-0000375.png,
507-050-0001-0000376,507-050-0001-0000376.png,
507-050-0001-0000377,507-050-0001-0000377.png,
507-050-0001-0000378,507-050-0001-0000378.png,
507-050-0001-0000379,507-050-0001-0000379.png,
507-050-0001-0000380,507-050-0001-0000380.png,
507-050-0001-0000381,507-050-0001-0000381.png,
507-050-0001-0000382,507-050-0001-0000382.png,
507-050-0001-0000383,507-050-0001-0000383.png,
507-050-0001-0000384,507-050-0001-0000384.png,
507-050-0001-0000385,507-050-0001-0000385.png,
507-050-0001-0000386,507-050-0001-0000386.png,
507-050-0001-0000387,507-050-0001-0000387.png,
507-050-0001-0000388,507-050-0001-0000388.png,
507-050-0001-0000389,507-050-0001-0000389.png,
507-050-0001-0000390,507-050-0001-0000390.png,
507-050-0001-0000391,507-050-0001-0000391.png,
507-050-0001-0000392,507-050-0001-0000392.png,
507-050-0001-0000393,507-050-0001-0000393.png,
507-050-0001-0000394,507-050-0001-0000394.png,
507-050-0001-0000395,507-050-0001-0000395.png,
507-050-0001-0000396,507-050-0001-0000396.png,
507-050-0001-0000397,507-050-0001-0000397.png,
507-050-0001-0000398,507-050-0001-0000398.png,
507-050-0001-0000399,507-050-0001-0000399.png,
507-050-0001-0000400,507-050-0001-0000400.png,
507-050-0001-0000401,507-050-0001-0000401.png,
507-050-0001-0000402,507-050-0001-0000402.png,
507-050-0001-0000403,507-050-0001-0000403.png,
507-050-0001-0000404,507-050-0001-0000404.png,
507-050-0001-0000405,507-050-0001-0000405.png,
507-050-0001-0000406,507-050-0001-0000406.png,
507-050-0001-0000407,507-050-0001-0000407.png,
507-050-0001-0000408,507-050-0001-0000408.png,
507-050-0001-0000409,507-050-0001-0000409.png,
507-050-0001-0000410,507-050-0001-0000410.png,
507-050-0001-0000411,507-050-0001-0000411.png,
507-050-0001-0000412,507-050-0001-0000412.png,
507-050-0001-0000413,507-050-0001-0000413.png,
507-050-0001-0000414,507-050-0001-0000414.png,
507-050-0001-0000415,507-050-0001-0000415.png,
507-050-0001-0000416,507-050-0001-0000416.png,
507-050-0001-0000417,507-050-0001-0000417.png,
507-050-0001-0000418,507-050-0001-0000418.png,
507-050-0001-0000419,507-050-0001-0000419.png,
507-050-0001-0000420,507-050-0001-0000420.png,
507-050-0001-0000421,507-050-0001-0000421.png,
507-050-0001-0000422,507-050-0001-0000422.png,
507-050-0001-0000423,507-050-0001-0000423.png,
507-050-0001-0000424,507-050-0001-0000424.png,
507-050-0001-0000425,507-050-0001-0000425.png,
507-050-0001-0000426,507-050-0001-0000426.png,
507-050-0001-0000427,507-050-0001-0000427.png,
507-050-0001-0000428,507-050-0001-0000428.png,
507-050-0001-0000429,507-050-0001-0000429.png,
507-050-0001-0000430,507-050-0001-0000430.png,
507-050-0001-0000431,507-050-0001-0000431.png,
507-050-0001-0000432,507-050-0001-0000432.png,
507-050-0001-0000433,507-050-0001-0000433.png,
507-050-0001-0000434,507-050-0001-0000434.png,
507-050-0001-0000435,507-050-0001-0000435.png,
507-050-0001-0000436,507-050-0001-0000436.png,
507-050-0001-0000437,507-050-0001-0000437.png,
507-050-0001-0000438,507-050-0001-0000438.png,
507-050-0001-0000439,507-050-0001-0000439.png,
507-050-0001-0000440,507-050-0001-0000440.png,
507-050-0001-0000441,507-050-0001-0000441.png,
507-050-0001-0000442,507-050-0001-0000442.png,
507-050-0001-0000443,507-050-0001-0000443.png,
507-050-0001-0000444,507-050-0001-0000444.png,
507-050-0001-0000445,507-050-0001-0000445.png,
507-050-0001-0000446,507-050-0001-0000446.png,
507-050-0001-0000447,507-050-0001-0000447.png,
507-050-0001-0000448,507-050-0001-0000448.png,
507-050-0001-0000449,507-050-0001-0000449.png,
507-050-0001-0000450,507-050-0001-0000450.png,
507-050-0001-0000451,507-050-0001-0000451.png,
507-050-0001-0000452,507-050-0001-0000452.png,
507-050-0001-0000453,507-050-0001-0000453.png,
507-050-0001-0000454,507-050-0001-0000454.png,
507-050-0001-0000455,507-050-0001-0000455.png,
507-050-0001-0000456,507-050-0001-0000456.png,
507-050-0001-0000457,507-050-0001-0000457.png,
507-050-0001-0000458,507-050-0001-0000458.png,
507-050-0001-0000459,507-050-0001-0000459.png,
507-050-0001-0000460,507-050-0001-0000460.png,
507-050-0001-0000461,507-050-0001-0000461.png,
507-050-0001-0000462,507-050-0001-0000462.png,
507-050-0001-0000463,507-050-0001-0000463.png,
507-050-0001-0000464,507-050-0001-0000464.png,
507-050-0001-0000465,507-050-0001-0000465.png,
507-050-0001-0000466,507-050-0001-0000466.png,
507-050-0001-0000467,507-050-0001-0000467.png,
507-050-0001-0000468,507-050-0001-0000468.png,
507-050-0001-0000469,507-050-0001-0000469.png,
507-050-0001-0000470,507-050-0001-0000470.png,
507-050-0001-0000471,507-050-0001-0000471.png,
507-050-0001-0000472,507-050-0001-0000472.png,
507-050-0001-0000473,507-050-0001-0000473.png,
507-050-0001-0000474,507-050-0001-0000474.png,
507-050-0001-0000475,507-050-0001-0000475.png,
507-050-0001-0000476,507-050-0001-0000476.png,
507-050-0001-0000477,507-050-0001-0000477.png,
507-050-0001-0000478,507-050-0001-0000478.png,
507-050-0001-0000479,507-050-0001-0000479.png,
507-050-0001-0000480,507-050-0001-0000480.png,
507-050-0001-0000481,507-050-0001-0000481.png,
507-050-0001-0000482,507-050-0001-0000482.png,
507-050-0001-0000483,507-050-0001-0000483.png,
507-050-0001-0000484,507-050-0001-0000484.png,
507-050-0001-0000485,507-050-0001-0000485.png,
507-050-0001-0000486,507-050-0001-0000486.png,
507-050-0001-0000487,507-050-0001-0000487.png,
507-050-0001-0000488,507-050-0001-0000488.png,
507-050-0001-0000489,507-050-0001-0000489.png,
507-050-0001-0000490,507-050-0001-0000490.png,
507-050-0001-0000491,507-050-0001-0000491.png,
507-050-0001-0000492,507-050-0001-0000492.png,
507-050-0001-0000493,507-050-0001-0000493.png,
507-050-0001-0000494,507-050-0001-0000494.png,
507-050-0001-0000495,507-050-0001-0000495.png,
507-050-0001-0000496,507-050-0001-0000496.png,
507-050-0001-0000497,507-050-0001-0000497.png,
507-050-0001-0000498,507-050-0001-0000498.png,
507-050-0001-0000499,507-050-0001-0000499.png,
507-050-0001-0000500,507-050-0001-0000500.png,
507-050-0001-0000501,507-050-0001-0000501.png,
507-050-0001-0000502,507-050-0001-0000502.png,
507-050-0001-0000503,507-050-0001-0000503.png,
507-050-0001-0000504,507-050-0001-0000504.png,
507-050-0001-0000505,507-050-0001-0000505.png,
507-050-0001-0000506,507-050-0001-0000506.png,
507-050-0001-0000507,507-050-0001-0000507.png,
507-050-0001-0000508,507-050-0001-0000508.png,
507-050-0001-0000509,507-050-0001-0000509.png,
507-050-0001-0000510,507-050-0001-0000510.png,
507-050-0001-0000511,507-050-0001-0000511.png,
507-050-0001-0000512,507-050-0001-0000512.png,
507-050-0001-0000513,507-050-0001-0000513.png,
507-050-0001-0000514,507-050-0001-0000514.png,
507-050-0001-0000515,507-050-0001-0000515.png,
507-050-0001-0000516,507-050-0001-0000516.png,
507-050-0001-0000517,507-050-0001-0000517.png,
507-050-0001-0000518,507-050-0001-0000518.png,
507-050-0001-0000519,507-050-0001-0000519.png,
507-050-0001-0000520,507-050-0001-0000520.png,
507-050-0001-0000521,507-050-0001-0000521.png,
507-050-0001-0000522,507-050-0001-0000522.png,
507-050-0001-0000523,507-050-0001-0000523.png,
507-050-0001-0000524,507-050-0001-0000524.png,
507-050-0001-0000525,507-050-0001-0000525.png,
507-050-0001-0000526,507-050-0001-0000526.png,
507-050-0001-0000527,507-050-0001-0000527.png,
507-050-0001-0000528,507-050-0001-0000528.png,
507-050-0001-0000529,507-050-0001-0000529.png,
507-050-0001-0000530,507-050-0001-0000530.png,
507-050-0001-0000531,507-050-0001-0000531.png,
507-050-0001-0000532,507-050-0001-0000532.png,
507-050-0001-0000533,507-050-0001-0000533.png,
507-050-0001-0000534,507-050-0001-0000534.png,
507-050-0001-0000535,507-050-0001-0000535.png,
507-050-0001-0000536,507-050-0001-0000536.png,
507-050-0001-0000537,507-050-0001-0000537.png,
507-050-0001-0000538,507-050-0001-0000538.png,
507-050-0001-0000539,507-050-0001-0000539.png,
507-050-0001-0000540,507-050-0001-0000540.png,
507-050-0001-0000541,507-050-0001-0000541.png,
507-050-0001-0000542,507-050-0001-0000542.png,
507-050-0001-0000543,507-050-0001-0000543.png,
507-050-0001-0000544,507-050-0001-0000544.png,
507-050-0001-0000545,507-050-0001-0000545.png,
507-050-0001-0000546,507-050-0001-0000546.png,
507-050-0001-0000547,507-050-0001-0000547.png,
507-050-0001-0000548,507-050-0001-0000548.png,
507-050-0001-0000549,507-050-0001-0000549.png,
507-050-0001-0000550,507-050-0001-0000550.png,
507-050-0001-0000551,507-050-0001-0000551.png,
507-050-0001-0000552,507-050-0001-0000552.png,
507-050-0001-0000553,507-050-0001-0000553.png,
507-050-0001-0000554,507-050-0001-0000554.png,
507-050-0001-0000153,507-050-0001-0000153.png,
507-050-0001-0000154,507-050-0001-0000154.png,
507-050-0001-0000155,507-050-0001-0000155.png,
507-050-0001-0000156,507-050-0001-0000156.png,
507-050-0001-0000157,507-050-0001-0000157.png,
507-050-0001-0000158,507-050-0001-0000158.png,
507-050-0001-0000159,507-050-0001-0000159.png,
507-050-0001-0000160,507-050-0001-0000160.png,
507-050-0001-0000161,507-050-0001-0000161.png,
507-050-0001-0000162,507-050-0001-0000162.png,
507-050-0001-0000163,507-050-0001-0000163.png,
507-050-0001-0000164,507-050-0001-0000164.png,
507-050-0001-0000165,507-050-0001-0000165.png,
507-050-0001-0000166,507-050-0001-0000166.png,
507-050-0001-0000167,507-050-0001-0000167.png,
507-050-0001-0000168,507-050-0001-0000168.png,
507-050-0001-0000169,507-050-0001-0000169.png,
507-050-0001-0000170,507-050-0001-0000170.png,
507-050-0001-0000171,507-050-0001-0000171.png,
507-050-0001-0000172,507-050-0001-0000172.png,
507-050-0001-0000173,507-050-0001-0000173.png,
507-050-0001-0000174,507-050-0001-0000174.png,
507-050-0001-0000175,507-050-0001-0000175.png,
507-050-0001-0000176,507-050-0001-0000176.png,
507-050-0001-0000177,507-050-0001-0000177.png,
507-050-0001-0000178,507-050-0001-0000178.png,
507-050-0001-0000179,507-050-0001-0000179.png,
507-050-0001-0000180,507-050-0001-0000180.png,
507-050-0001-0000181,507-050-0001-0000181.png,
507-050-0001-0000182,507-050-0001-0000182.png,
507-050-0001-0000183,507-050-0001-0000183.png,
507-050-0001-0000184,507-050-0001-0000184.png,
507-050-0001-0000185,507-050-0001-0000185.png,
507-050-0001-0000186,507-050-0001-0000186.png,
507-050-0001-0000187,507-050-0001-0000187.png,
507-050-0001-0000188,507-050-0001-0000188.png,
507-050-0001-0000189,507-050-0001-0000189.png,
507-050-0001-0000190,507-050-0001-0000190.png,
507-050-0001-0000191,507-050-0001-0000191.png,
507-050-0001-0000192,507-050-0001-0000192.png,
507-050-0001-0000193,507-050-0001-0000193.png,
507-050-0001-0000194,507-050-0001-0000194.png,
507-050-0001-0000195,507-050-0001-0000195.png,
507-050-0001-0000196,507-050-0001-0000196.png,
507-050-0001-0000197,507-050-0001-0000197.png,
507-050-0001-0000198,507-050-0001-0000198.png,
507-050-0001-0000199,507-050-0001-0000199.png,
507-050-0001-0000200,507-050-0001-0000200.png,
507-050-0001-0000201,507-050-0001-0000201.png,
507-050-0001-0000202,507-050-0001-0000202.png,
507-050-0001-0000203,507-050-0001-0000203.png,
507-050-0001-0000204,507-050-0001-0000204.png,
507-050-0001-0000205,507-050-0001-0000205.png,
507-050-0001-0000206,507-050-0001-0000206.png,
507-050-0001-0000207,507-050-0001-0000207.png,
507-050-0001-0000208,507-050-0001-0000208.png,
507-050-0001-0000209,507-050-0001-0000209.png,
507-050-0001-0000210,507-050-0001-0000210.png,
507-050-0001-0000211,507-050-0001-0000211.png,
507-050-0001-0000212,507-050-0001-0000212.png,
507-050-0001-0000213,507-050-0001-0000213.png,
507-050-0001-0000214,507-050-0001-0000214.png,
507-050-0001-0000215,507-050-0001-0000215.png,
507-050-0001-0000216,507-050-0001-0000216.png,
507-050-0001-0000217,507-050-0001-0000217.png,
507-050-0001-0000218,507-050-0001-0000218.png,
507-050-0001-0000219,507-050-0001-0000219.png,
507-050-0001-0000220,507-050-0001-0000220.png,
507-050-0001-0000221,507-050-0001-0000221.png,
507-050-0001-0000222,507-050-0001-0000222.png,
507-050-0001-0000223,507-050-0001-0000223.png,
507-050-0001-0000224,507-050-0001-0000224.png,
507-050-0001-0000225,507-050-0001-0000225.png,
507-050-0001-0000226,507-050-0001-0000226.png,
507-050-0001-0000227,507-050-0001-0000227.png,
507-050-0001-0000228,507-050-0001-0000228.png,
507-050-0001-0000229,507-050-0001-0000229.png,
507-050-0001-0000230,507-050-0001-0000230.png,
507-050-0001-0000231,507-050-0001-0000231.png,
507-050-0001-0000232,507-050-0001-0000232.png,
507-050-0001-0000233,507-050-0001-0000233.png,
507-050-0001-0000234,507-050-0001-0000234.png,
507-050-0001-0000235,507-050-0001-0000235.png,
507-050-0001-0000236,507-050-0001-0000236.png,
507-050-0001-0000237,507-050-0001-0000237.png,
507-050-0001-0000238,507-050-0001-0000238.png,
507-050-0001-0000239,507-050-0001-0000239.png,
507-050-0001-0000240,507-050-0001-0000240.png,
507-050-0001-0000241,507-050-0001-0000241.png,
507-050-0001-0000242,507-050-0001-0000242.png,
507-050-0001-0000243,507-050-0001-0000243.png,
507-050-0001-0000244,507-050-0001-0000244.png,
507-050-0001-0000245,507-050-0001-0000245.png,
507-050-0001-0000246,507-050-0001-0000246.png,
507-050-0001-0000247,507-050-0001-0000247.png,
507-050-0001-0000248,507-050-0001-0000248.png,
507-050-0001-0000249,507-050-0001-0000249.png,
507-050-0001-0000250,507-050-0001-0000250.png,
507-050-0001-0000251,507-050-0001-0000251.png,
507-050-0001-0000252,507-050-0001-0000252.png,
507-050-0001-0000253,507-050-0001-0000253.png,
507-050-0001-0000254,507-050-0001-0000254.png,
507-050-0001-0000255,507-050-0001-0000255.png,
507-050-0001-0000256,507-050-0001-0000256.png,
507-050-0001-0000257,507-050-0001-0000257.png,
507-050-0001-0000258,507-050-0001-0000258.png,
507-050-0001-0000259,507-050-0001-0000259.png,
507-050-0001-0000260,507-050-0001-0000260.png,
507-050-0001-0000261,507-050-0001-0000261.png,
507-050-0001-0000262,507-050-0001-0000262.png,
507-050-0001-0000263,507-050-0001-0000263.png,
507-050-0001-0000264,507-050-0001-0000264.png,
507-050-0001-0000265,507-050-0001-0000265.png,
507-050-0001-0000266,507-050-0001-0000266.png,
507-050-0001-0000267,507-050-0001-0000267.png,
507-050-0001-0000268,507-050-0001-0000268.png,
507-050-0001-0000269,507-050-0001-0000269.png,
507-050-0001-0000270,507-050-0001-0000270.png,
507-050-0001-0000271,507-050-0001-0000271.png,
507-050-0001-0000272,507-050-0001-0000272.png,
507-050-0001-0000273,507-050-0001-0000273.png,
507-050-0001-0000274,507-050-0001-0000274.png,
507-050-0001-0000275,507-050-0001-0000275.png,
507-050-0001-0000276,507-050-0001-0000276.png,
507-050-0001-0000277,507-050-0001-0000277.png,
507-050-0001-0000278,507-050-0001-0000278.png,
507-050-0001-0000279,507-050-0001-0000279.png,
507-050-0001-0000280,507-050-0001-0000280.png,
507-050-0001-0000281,507-050-0001-0000281.png,
507-050-0001-0000282,507-050-0001-0000282.png,
507-050-0001-0000283,507-050-0001-0000283.png,
507-050-0001-0000284,507-050-0001-0000284.png,
507-050-0001-0000285,507-050-0001-0000285.png,
507-050-0001-0000286,507-050-0001-0000286.png,
507-050-0001-0000287,507-050-0001-0000287.png,
507-050-0001-0000288,507-050-0001-0000288.png,
507-050-0001-0000289,507-050-0001-0000289.png,
507-050-0001-0000290,507-050-0001-0000290.png,
507-050-0001-0000291,507-050-0001-0000291.png,
507-050-0001-0000292,507-050-0001-0000292.png,
507-050-0001-0000293,507-050-0001-0000293.png,
507-050-0001-0000294,507-050-0001-0000294.png,
507-050-0001-0000295,507-050-0001-0000295.png,
507-050-0001-0000296,507-050-0001-0000296.png,
507-050-0001-0000297,507-050-0001-0000297.png,
507-050-0001-0000298,507-050-0001-0000298.png,
507-050-0001-0000299,507-050-0001-0000299.png,
507-050-0001-0000300,507-050-0001-0000300.png,
507-050-0001-0000301,507-050-0001-0000301.png,
507-050-0001-0000302,507-050-0001-0000302.png,
507-050-0001-0000303,507-050-0001-0000303.png,
507-050-0001-0000304,507-050-0001-0000304.png,
507-050-0001-0000305,507-050-0001-0000305.png,
507-050-0001-0000306,507-050-0001-0000306.png,
507-050-0001-0000307,507-050-0001-0000307.png,
507-050-0001-0000308,507-050-0001-0000308.png,
507-050-0001-0000309,507-050-0001-0000309.png,
507-050-0001-0000310,507-050-0001-0000310.png,
507-050-0001-0000311,507-050-0001-0000311.png,
507-050-0001-0000312,507-050-0001-0000312.png,
507-050-0001-0000313,507-050-0001-0000313.png,
507-050-0001-0000314,507-050-0001-0000314.png,
507-050-0001-0000315,507-050-0001-0000315.png,
507-050-0001-0000316,507-050-0001-0000316.png,
507-050-0001-0000317,507-050-0001-0000317.png,
507-050-0001-0000318,507-050-0001-0000318.png,
507-050-0001-0000319,507-050-0001-0000319.png,
507-050-0001-0000320,507-050-0001-0000320.png,
507-050-0001-0000321,507-050-0001-0000321.png,
507-050-0001-0000322,507-050-0001-0000322.png,
507-050-0001-0000323,507-050-0001-0000323.png,
507-050-0001-0000324,507-050-0001-0000324.png,
507-050-0001-0000325,507-050-0001-0000325.png,
507-050-0001-0000326,507-050-0001-0000326.png,
507-050-0001-0000327,507-050-0001-0000327.png,
507-050-0001-0000328,507-050-0001-0000328.png,
507-050-0001-0000329,507-050-0001-0000329.png,
507-050-0001-0000330,507-050-0001-0000330.png,
507-050-0001-0000331,507-050-0001-0000331.png,
507-050-0001-0000332,507-050-0001-0000332.png,
507-050-0001-0000333,507-050-0001-0000333.png,
507-050-0001-0000334,507-050-0001-0000334.png,
507-050-0001-0000335,507-050-0001-0000335.png,
507-050-0001-0000336,507-050-0001-0000336.png,
507-050-0001-0000337,507-050-0001-0000337.png,
507-050-0001-0000338,507-050-0001-0000338.png,
507-050-0001-0000339,507-050-0001-0000339.png,
507-050-0001-0000340,507-050-0001-0000340.png,
507-050-0001-0000341,507-050-0001-0000341.png,
507-050-0001-0000342,507-050-0001-0000342.png,
507-050-0001-0000343,507-050-0001-0000343.png,
507-050-0001-0000344,507-050-0001-0000344.png,
507-050-0001-0000345,507-050-0001-0000345.png,
507-050-0001-0000346,507-050-0001-0000346.png,
507-050-0001-0000347,507-050-0001-0000347.png,
507-050-0001-0000348,507-050-0001-0000348.png,
507-050-0001-0000349,507-050-0001-0000349.png,
507-050-0001-0000350,507-050-0001-0000350.png,
507-050-0001-0000351,507-050-0001-0000351.png,
507-050-0001-0000352,507-050-0001-0000352.png,
507-050-0001-0000353,507-050-0001-0000353.png,
507-050-0001-0000354,507-050-0001-0000354.png,
507-050-0001-0000355,507-050-0001-0000355.png,
507-050-0001-0000356,507-050-0001-0000356.png,
507-050-0001-0000357,507-050-0001-0000357.png,
507-050-0001-0000358,507-050-0001-0000358.png,
507-050-0001-0000359,507-050-0001-0000359.png,
507-050-0001-0000360,507-050-0001-0000360.png,
507-050-0001-0000361,507-050-0001-0000361.png,
507-050-0001-0000362,507-050-0001-0000362.png,
507-050-0001-0000363,507-050-0001-0000363.png,
507-050-0001-0000364,507-050-0001-0000364.png,
507-050-0001-0000365,507-050-0001-0000365.png,
507-050-0001-0000366,507-050-0001-0000366.png,
507-050-0001-0000367,507-050-0001-0000367.png,
507-050-0001-0000368,507-050-0001-0000368.png,
507-050-0001-0000369,507-050-0001-0000369.png,
507-050-0001-0000370,507-050-0001-0000370.png,
507-050-0001-0000371,507-050-0001-0000371.png,
507-050-0001-0000372,507-050-0001-0000372.png,
507-050-0001-0000373,507-050-0001-0000373.png,
507-050-0001-0000374,507-050-0001-0000374.png,
507-050-0001-0000375,507-050-0001-0000375.png,
507-050-0001-0000376,507-050-0001-0000376.png,
507-050-0001-0000377,507-050-0001-0000377.png,
507-050-0001-0000378,507-050-0001-0000378.png,
507-050-0001-0000379,507-050-0001-0000379.png,
507-050-0001-0000380,507-050-0001-0000380.png,
507-050-0001-0000381,507-050-0001-0000381.png,
507-050-0001-0000382,507-050-0001-0000382.png,
507-050-0001-0000383,507-050-0001-0000383.png,
507-050-0001-0000384,507-050-0001-0000384.png,
507-050-0001-0000385,507-050-0001-0000385.png,
507-050-0001-0000386,507-050-0001-0000386.png,
507-050-0001-0000387,507-050-0001-0000387.png,
507-050-0001-0000388,507-050-0001-0000388.png,
507-050-0001-0000389,507-050-0001-0000389.png,
507-050-0001-0000390,507-050-0001-0000390.png,
507-050-0001-0000391,507-050-0001-0000391.png,
507-050-0001-0000392,507-050-0001-0000392.png,
507-050-0001-0000393,507-050-0001-0000393.png,
507-050-0001-0000394,507-050-0001-0000394.png,
507-050-0001-0000395,507-050-0001-0000395.png,
507-050-0001-0000396,507-050-0001-0000396.png,
507-050-0001-0000397,507-050-0001-0000397.png,
507-050-0001-0000398,507-050-0001-0000398.png,
507-050-0001-0000399,507-050-0001-0000399.png,
507-050-0001-0000400,507-050-0001-0000400.png,
507-050-0001-0000401,507-050-0001-0000401.png,
507-050-0001-0000402,507-050-0001-0000402.png,
507-050-0001-0000403,507-050-0001-0000403.png,
507-050-0001-0000404,507-050-0001-0000404.png,
507-050-0001-0000405,507-050-0001-0000405.png,
507-050-0001-0000406,507-050-0001-0000406.png,
507-050-0001-0000407,507-050-0001-0000407.png,
507-050-0001-0000408,507-050-0001-0000408.png,
507-050-0001-0000409,507-050-0001-0000409.png,
507-050-0001-0000410,507-050-0001-0000410.png,
507-050-0001-0000411,507-050-0001-0000411.png,
507-050-0001-0000412,507-050-0001-0000412.png,
507-050-0001-0000413,507-050-0001-0000413.png,
507-050-0001-0000414,507-050-0001-0000414.png,
507-050-0001-0000415,507-050-0001-0000415.png,
507-050-0001-0000416,507-050-0001-0000416.png,
507-050-0001-0000417,507-050-0001-0000417.png,
507-050-0001-0000418,507-050-0001-0000418.png,
507-050-0001-0000419,507-050-0001-0000419.png,
507-050-0001-0000420,507-050-0001-0000420.png,
507-050-0001-0000421,507-050-0001-0000421.png,
507-050-0001-0000422,507-050-0001-0000422.png,
507-050-0001-0000423,507-050-0001-0000423.png,
507-050-0001-0000424,507-050-0001-0000424.png,
507-050-0001-0000425,507-050-0001-0000425.png,
507-050-0001-0000426,507-050-0001-0000426.png,
507-050-0001-0000427,507-050-0001-0000427.png,
507-050-0001-0000428,507-050-0001-0000428.png,
507-050-0001-0000429,507-050-0001-0000429.png,
507-050-0001-0000430,507-050-0001-0000430.png,
507-050-0001-0000431,507-050-0001-0000431.png,
507-050-0001-0000432,507-050-0001-0000432.png,
507-050-0001-0000433,507-050-0001-0000433.png,
507-050-0001-0000434,507-050-0001-0000434.png,
507-050-0001-0000435,507-050-0001-0000435.png,
507-050-0001-0000436,507-050-0001-0000436.png,
507-050-0001-0000437,507-050-0001-0000437.png,
507-050-0001-0000438,507-050-0001-0000438.png,
507-050-0001-0000439,507-050-0001-0000439.png,
507-050-0001-0000440,507-050-0001-0000440.png,
507-050-0001-0000441,507-050-0001-0000441.png,
507-050-0001-0000442,507-050-0001-0000442.png,
507-050-0001-0000443,507-050-0001-0000443.png,
507-050-0001-0000444,507-050-0001-0000444.png,
507-050-0001-0000445,507-050-0001-0000445.png,
507-050-0001-0000446,507-050-0001-0000446.png,
507-050-0001-0000447,507-050-0001-0000447.png,
507-050-0001-0000448,507-050-0001-0000448.png,
507-050-0001-0000449,507-050-0001-0000449.png,
507-050-0001-0000450,507-050-0001-0000450.png,
507-050-0001-0000451,507-050-0001-0000451.png,
507-050-0001-0000452,507-050-0001-0000452.png,
507-050-0001-0000453,507-050-0001-0000453.png,
507-050-0001-0000454,507-050-0001-0000454.png,
507-050-0001-0000455,507-050-0001-0000455.png,
507-050-0001-0000456,507-050-0001-0000456.png,
507-050-0001-0000457,507-050-0001-0000457.png,
507-050-0001-0000458,507-050-0001-0000458.png,
507-050-0001-0000459,507-050-0001-0000459.png,
507-050-0001-0000460,507-050-0001-0000460.png,
507-050-0001-0000461,507-050-0001-0000461.png,
507-050-0001-0000462,507-050-0001-0000462.png,
507-050-0001-0000463,507-050-0001-0000463.png,
507-050-0001-0000464,507-050-0001-0000464.png,
507-050-0001-0000465,507-050-0001-0000465.png,
507-050-0001-0000466,507-050-0001-0000466.png,
507-050-0001-0000467,507-050-0001-0000467.png,
507-050-0001-0000468,507-050-0001-0000468.png,
507-050-0001-0000469,507-050-0001-0000469.png,
507-050-0001-0000470,507-050-0001-0000470.png,
507-050-0001-0000471,507-050-0001-0000471.png,
507-050-0001-0000472,507-050-0001-0000472.png,
507-050-0001-0000473,507-050-0001-0000473.png,
507-050-0001-0000474,507-050-0001-0000474.png,
507-050-0001-0000475,507-050-0001-0000475.png,
507-050-0001-0000476,507-050-0001-0000476.png,
507-050-0001-0000477,507-050-0001-0000477.png,
507-050-0001-0000478,507-050-0001-0000478.png,
507-050-0001-0000479,507-050-0001-0000479.png,
507-050-0001-0000480,507-050-0001-0000480.png,
507-050-0001-0000481,507-050-0001-0000481.png,
507-050-0001-0000482,507-050-0001-0000482.png,
507-050-0001-0000483,507-050-0001-0000483.png,
507-050-0001-0000484,507-050-0001-0000484.png,
507-050-0001-0000485,507-050-0001-0000485.png,
507-050-0001-0000486,507-050-0001-0000486.png,
507-050-0001-0000487,507-050-0001-0000487.png,
507-050-0001-0000488,507-050-0001-0000488.png,
507-050-0001-0000489,507-050-0001-0000489.png,
507-050-0001-0000490,507-050-0001-0000490.png,
507-050-0001-0000491,507-050-0001-0000491.png,
507-050-0001-0000492,507-050-0001-0000492.png,
507-050-0001-0000493,507-050-0001-0000493.png,
507-050-0001-0000494,507-050-0001-0000494.png,
507-050-0001-0000495,507-050-0001-0000495.png,
507-050-0001-0000496,507-050-0001-0000496.png,
507-050-0001-0000497,507-050-0001-0000497.png,
507-050-0001-0000498,507-050-0001-0000498.png,
507-050-0001-0000499,507-050-0001-0000499.png,
507-050-0001-0000500,507-050-0001-0000500.png,
507-050-0001-0000501,507-050-0001-0000501.png,
507-050-0001-0000502,507-050-0001-0000502.png,
507-050-0001-0000503,507-050-0001-0000503.png,
507-050-0001-0000504,507-050-0001-0000504.png,
507-050-0001-0000505,507-050-0001-0000505.png,
507-050-0001-0000506,507-050-0001-0000506.png,
507-050-0001-0000507,507-050-0001-0000507.png,
507-050-0001-0000508,507-050-0001-0000508.png,
507-050-0001-0000509,507-050-0001-0000509.png,
507-050-0001-0000510,507-050-0001-0000510.png,
507-050-0001-0000511,507-050-0001-0000511.png,
507-050-0001-0000512,507-050-0001-0000512.png,
507-050-0001-0000513,507-050-0001-0000513.png,
507-050-0001-0000514,507-050-0001-0000514.png,
507-050-0001-0000515,507-050-0001-0000515.png,
507-050-0001-0000516,507-050-0001-0000516.png,
507-050-0001-0000517,507-050-0001-0000517.png,
507-050-0001-0000518,507-050-0001-0000518.png,
507-050-0001-0000519,507-050-0001-0000519.png,
507-050-0001-0000520,507-050-0001-0000520.png,
507-050-0001-0000521,507-050-0001-0000521.png,
507-050-0001-0000522,507-050-0001-0000522.png,
507-050-0001-0000523,507-050-0001-0000523.png,
507-050-0001-0000524,507-050-0001-0000524.png,
507-050-0001-0000525,507-050-0001-0000525.png,
507-050-0001-0000526,507-050-0001-0000526.png,
507-050-0001-0000527,507-050-0001-0000527.png,
507-050-0001-0000528,507-050-0001-0000528.png,
507-050-0001-0000529,507-050-0001-0000529.png,
507-050-0001-0000530,507-050-0001-0000530.png,
507-050-0001-0000531,507-050-0001-0000531.png,
507-050-0001-0000532,507-050-0001-0000532.png,
507-050-0001-0000533,507-050-0001-0000533.png,
507-050-0001-0000534,507-050-0001-0000534.png,
507-050-0001-0000535,507-050-0001-0000535.png,
507-050-0001-0000536,507-050-0001-0000536.png,
507-050-0001-0000537,507-050-0001-0000537.png,
507-050-0001-0000538,507-050-0001-0000538.png,
507-050-0001-0000539,507-050-0001-0000539.png,
507-050-0001-0000540,507-050-0001-0000540.png,
507-050-0001-0000541,507-050-0001-0000541.png,
507-050-0001-0000542,507-050-0001-0000542.png,
507-050-0001-0000543,507-050-0001-0000543.png,
507-050-0001-0000544,507-050-0001-0000544.png,
507-050-0001-0000545,507-050-0001-0000545.png,
507-050-0001-0000546,507-050-0001-0000546.png,
507-050-0001-0000547,507-050-0001-0000547.png,
507-050-0001-0000548,507-050-0001-0000548.png,
507-050-0001-0000549,507-050-0001-0000549.png,
507-050-0001-0000550,507-050-0001-0000550.png,
507-050-0001-0000551,507-050-0001-0000551.png,
507-050-0001-0000552,507-050-0001-0000552.png,
507-050-0001-0000553,507-050-0001-0000553.png,
507-050-0001-0000554,507-050-0001-0000554.png,
507-050-0001-0000957,507-050-0001-0000957.png,
507-050-0001-0000958,507-050-0001-0000958.png,
507-050-0001-0000959,507-050-0001-0000959.png,
507-050-0001-0000960,507-050-0001-0000960.png,
507-050-0001-0000961,507-050-0001-0000961.png,
507-050-0001-0000962,507-050-0001-0000962.png,
507-050-0001-0000963,507-050-0001-0000963.png,
507-050-0001-0000964,507-050-0001-0000964.png,
507-050-0001-0000965,507-050-0001-0000965.png,
507-050-0001-0000966,507-050-0001-0000966.png,
507-050-0001-0000967,507-050-0001-0000967.png,
507-050-0001-0000968,507-050-0001-0000968.png,
507-050-0001-0000969,507-050-0001-0000969.png,
507-050-0001-0000970,507-050-0001-0000970.png,
507-050-0001-0000971,507-050-0001-0000971.png,
507-050-0001-0000972,507-050-0001-0000972.png,
507-050-0001-0000973,507-050-0001-0000973.png,
507-050-0001-0000974,507-050-0001-0000974.png,
507-050-0001-0000975,507-050-0001-0000975.png,
507-050-0001-0000976,507-050-0001-0000976.png,
507-050-0001-0000977,507-050-0001-0000977.png,
507-050-0001-0000978,507-050-0001-0000978.png,
507-050-0001-0000979,507-050-0001-0000979.png,
507-050-0001-0000980,507-050-0001-0000980.png,
507-050-0001-0000981,507-050-0001-0000981.png,
507-050-0001-0000982,507-050-0001-0000982.png,
507-050-0001-0000983,507-050-0001-0000983.png,
507-050-0001-0000957,507-050-0001-0000957.png,
507-050-0001-0000958,507-050-0001-0000958.png,
507-050-0001-0000959,507-050-0001-0000959.png,
507-050-0001-0000987,507-050-0001-0000987.png,
507-050-0001-0000988,507-050-0001-0000988.png,
507-050-0001-0000989,507-050-0001-0000989.png,
507-050-0001-0000990,507-050-0001-0000990.png,
507-050-0001-0000991,507-050-0001-0000991.png,
507-050-0001-0000992,507-050-0001-0000992.png,
507-050-0001-0000993,507-050-0001-0000993.png,
507-050-0001-0000994,507-050-0001-0000994.png,
507-050-0001-0000995,507-050-0001-0000995.png,
507-050-0001-0000996,507-050-0001-0000996.png,
507-050-0001-0000997,507-050-0001-0000997.png,
507-050-0001-0000998,507-050-0001-0000998.png,
507-050-0001-0000999,507-050-0001-0000999.png,
507-050-0001-0001000,507-050-0001-0001000.png,
507-050-0001-0001001,507-050-0001-0001001.png,
507-050-0001-0001002,507-050-0001-0001002.png,
507-050-0001-0001003,507-050-0001-0001003.png,
507-050-0001-0001004,507-050-0001-0001004.png,
507-050-0001-0001005,507-050-0001-0001005.png,
507-050-0001-0001006,507-050-0001-0001006.png,
507-050-0001-0001007,507-050-0001-0001007.png,
507-050-0001-0001008,507-050-0001-0001008.png,
507-050-0001-0001009,507-050-0001-0001009.png,
507-050-0001-0001010,507-050-0001-0001010.png,
507-050-0001-0001011,507-050-0001-0001011.png,
507-050-0001-0001012,507-050-0001-0001012.png,
507-050-0001-0001013,507-050-0001-0001013.png,
507-050-0001-0001014,507-050-0001-0001014.png,
507-050-0001-0001015,507-050-0001-0001015.png,
507-050-0001-0001016,507-050-0001-0001016.png,
507-050-0001-0001017,507-050-0001-0001017.png,
507-050-0001-0001018,507-050-0001-0001018.png,
507-050-0001-0001019,507-050-0001-0001019.png,
507-050-0001-0001020,507-050-0001-0001020.png,
507-050-0001-0001021,507-050-0001-0001021.png,
507-050-0001-0001022,507-050-0001-0001022.png,
507-050-0001-0001023,507-050-0001-0001023.png,
507-050-0001-0001024,507-050-0001-0001024.png,
507-050-0001-0001025,507-050-0001-0001025.png,
507-050-0001-0001026,507-050-0001-0001026.png,
507-050-0001-0001027,507-050-0001-0001027.png,
507-050-0001-0001028,507-050-0001-0001028.png,
507-050-0001-0001029,507-050-0001-0001029.png,
507-050-0001-0001030,507-050-0001-0001030.png,
507-050-0001-0001031,507-050-0001-0001031.png,
507-050-0001-0001032,507-050-0001-0001032.png,
507-050-0001-0001033,507-050-0001-0001033.png,
507-050-0001-0001034,507-050-0001-0001034.png,
507-050-0001-0001035,507-050-0001-0001035.png,
507-050-0001-0001036,507-050-0001-0001036.png,
507-050-0001-0001037,507-050-0001-0001037.png,
507-050-0001-0001038,507-050-0001-0001038.png,
507-050-0001-0001039,507-050-0001-0001039.png,
507-050-0001-0001040,507-050-0001-0001040.png,
507-050-0001-0001041,507-050-0001-0001041.png,
507-050-0001-0001042,507-050-0001-0001042.png,
507-050-0001-0001043,507-050-0001-0001043.png,
507-050-0001-0001044,507-050-0001-0001044.png,
507-050-0001-0001045,507-050-0001-0001045.png,
507-050-0001-0001046,507-050-0001-0001046.png,
507-050-0001-0001047,507-050-0001-0001047.png,
507-050-0001-0001048,507-050-0001-0001048.png,
507-050-0001-0001049,507-050-0001-0001049.png,
507-050-0001-0001050,507-050-0001-0001050.png,
507-050-0001-0001051,507-050-0001-0001051.png,
507-050-0001-0001052,507-050-0001-0001052.png,
507-050-0001-0001053,507-050-0001-0001053.png,
507-050-0001-0001054,507-050-0001-0001054.png,
507-050-0001-0001055,507-050-0001-0001055.png,
507-050-0001-0001056,507-050-0001-0001056.png,
507-050-0001-0001057,507-050-0001-0001057.png,
507-050-0001-0001058,507-050-0001-0001058.png,
507-050-0001-0001059,507-050-0001-0001059.png,
507-050-0001-0001060,507-050-0001-0001060.png,
507-050-0001-0001061,507-050-0001-0001061.png,
507-050-0001-0001062,507-050-0001-0001062.png,
507-050-0001-0001063,507-050-0001-0001063.png,
507-050-0001-0001064,507-050-0001-0001064.png,
507-050-0001-0001065,507-050-0001-0001065.png,
507-050-0001-0000987,507-050-0001-0000987.png,
507-050-0001-0000988,507-050-0001-0000988.png,
507-050-0001-0000989,507-050-0001-0000989.png,
507-050-0001-0001069,507-050-0001-0001069.png,
507-050-0001-0001070,507-050-0001-0001070.png,
507-050-0001-0001071,507-050-0001-0001071.png,
507-050-0001-0001072,507-050-0001-0001072.png,
507-050-0001-0001073,507-050-0001-0001073.png,
507-050-0001-0001074,507-050-0001-0001074.png,
507-050-0001-0000957,507-050-0001-0000957.png,
507-050-0001-0000958,507-050-0001-0000958.png,
507-050-0001-0000959,507-050-0001-0000959.png,
507-050-0001-0001078,507-050-0001-0001078.png,
507-050-0001-0001079,507-050-0001-0001079.png,
507-050-0001-0001080,507-050-0001-0001080.png,
507-050-0001-0001081,507-050-0001-0001081.png,
507-050-0001-0001082,507-050-0001-0001082.png,
507-050-0001-0001083,507-050-0001-0001083.png,
507-050-0001-0001084,507-050-0001-0001084.png,
507-050-0001-0001085,507-050-0001-0001085.png,
507-050-0001-0001086,507-050-0001-0001086.png,
507-050-0001-0001087,507-050-0001-0001087.png,
507-050-0001-0001088,507-050-0001-0001088.png,
507-050-0001-0001089,507-050-0001-0001089.png,
507-050-0001-0001090,507-050-0001-0001090.png,
507-050-0001-0001091,507-050-0001-0001091.png,
507-050-0001-0001092,507-050-0001-0001092.png,
507-050-0001-0001093,507-050-0001-0001093.png,
507-050-0001-0001094,507-050-0001-0001094.png,
507-050-0001-0001095,507-050-0001-0001095.png,
507-050-0001-0001096,507-050-0001-0001096.png,
507-050-0001-0001097,507-050-0001-0001097.png,
507-050-0001-0001098,507-050-0001-0001098.png,
507-050-0001-0001099,507-050-0001-0001099.png,
507-050-0001-0001100,507-050-0001-0001100.png,
507-050-0001-0001101,507-050-0001-0001101.png,
507-050-0001-0001102,507-050-0001-0001102.png,
507-050-0001-0001103,507-050-0001-0001103.png,
507-050-0001-0001104,507-050-0001-0001104.png,
507-050-0001-0001105,507-050-0001-0001105.png,
507-050-0001-0001106,507-050-0001-0001106.png,
507-050-0001-0001107,507-050-0001-0001107.png,
507-050-0001-0001108,507-050-0001-0001108.png,
507-050-0001-0001109,507-050-0001-0001109.png,
507-050-0001-0001110,507-050-0001-0001110.png,
507-050-0001-0001111,507-050-0001-0001111.png,
507-050-0001-0001112,507-050-0001-0001112.png,
507-050-0001-0001113,507-050-0001-0001113.png,
507-050-0001-0000957,507-050-0001-0000957.png,
507-050-0001-0000958,507-050-0001-0000958.png,
507-050-0001-0000959,507-050-0001-0000959.png,
507-050-0001-0001117,507-050-0001-0001117.png,
507-050-0001-0001118,507-050-0001-0001118.png,
507-050-0001-0001119,507-050-0001-0001119.png,
507-050-0001-0001120,507-050-0001-0001120.png,
507-050-0001-0001121,507-050-0001-0001121.png,
507-050-0001-0001122,507-050-0001-0001122.png,
507-050-0001-0001057,507-050-0001-0001057.png,
507-050-0001-0001124,507-050-0001-0001124.png,
507-050-0001-0001125,507-050-0001-0001125.png,
507-050-0001-0001126,507-050-0001-0001126.png,
507-050-0001-0001127,507-050-0001-0001127.png,
507-050-0001-0000957,507-050-0001-0000957.png,
507-050-0001-0000958,507-050-0001-0000958.png,
507-050-0001-0000959,507-050-0001-0000959.png,
507-050-0001-0001131,507-050-0001-0001131.png,
507-050-0001-0001132,507-050-0001-0001132.png,
507-050-0001-0001133,507-050-0001-0001133.png,
507-050-0001-0001134,507-050-0001-0001134.png,
507-050-0001-0001135,507-050-0001-0001135.png,
507-050-0001-0001136,507-050-0001-0001136.png,
507-050-0001-0001137,507-050-0001-0001137.png,
507-050-0001-0001138,507-050-0001-0001138.png,
507-050-0001-0001139,507-050-0001-0001139.png,
507-050-0001-0001140,507-050-0001-0001140.png,
507-050-0001-0001141,507-050-0001-0001141.png,
507-050-0001-0001142,507-050-0001-0001142.png,
507-050-0001-0001143,507-050-0001-0001143.png,
507-050-0001-0001144,507-050-0001-0001144.png,
507-050-0001-0001145,507-050-0001-0001145.png,
507-050-0001-0001146,507-050-0001-0001146.png,
507-050-0001-0001147,507-050-0001-0001147.png,
507-050-0001-0001148,507-050-0001-0001148.png,
507-050-0001-0001149,507-050-0001-0001149.png,
507-050-0001-0001150,507-050-0001-0001150.png,
507-050-0001-0001151,507-050-0001-0001151.png,
507-050-0001-0001152,507-050-0001-0001152.png,
507-050-0001-0001153,507-050-0001-0001153.png,
507-050-0001-0001154,507-050-0001-0001154.png,
507-050-0001-0001155,507-050-0001-0001155.png,
507-050-0001-0001156,507-050-0001-0001156.png,
507-050-0001-0001157,507-050-0001-0001157.png,
507-050-0001-0001158,507-050-0001-0001158.png,
507-050-0001-0001159,507-050-0001-0001159.png,
507-050-0001-0001160,507-050-0001-0001160.png,
507-050-0001-0001161,507-050-0001-0001161.png,
507-050-0001-0001162,507-050-0001-0001162.png,
507-050-0001-0001163,507-050-0001-0001163.png,
507-050-0001-0001164,507-050-0001-0001164.png,
507-050-0001-0001165,507-050-0001-0001165.png,
507-050-0001-0001166,507-050-0001-0001166.png,
507-050-0001-0001167,507-050-0001-0001167.png,
507-050-0001-0001168,507-050-0001-0001168.png,
507-050-0001-0001169,507-050-0001-0001169.png,
507-050-0001-0001170,507-050-0001-0001170.png,
507-050-0001-0001171,507-050-0001-0001171.png,
507-050-0001-0001172,507-050-0001-0001172.png,
507-050-0001-0001173,507-050-0001-0001173.png,
507-050-0001-0001174,507-050-0001-0001174.png,
507-050-0001-0001175,507-050-0001-0001175.png,
507-050-0001-0001176,507-050-0001-0001176.png,
507-050-0001-0001177,507-050-0001-0001177.png,
507-050-0001-0001178,507-050-0001-0001178.png,
507-050-0001-0001179,507-050-0001-0001179.png,
507-050-0001-0001180,507-050-0001-0001180.png,
507-050-0001-0001181,507-050-0001-0001181.png,
507-050-0001-0001182,507-050-0001-0001182.png,
507-050-0001-0001183,507-050-0001-0001183.png,
507-050-0001-0001184,507-050-0001-0001184.png,
507-050-0001-0001185,507-050-0001-0001185.png,
507-050-0001-0001186,507-050-0001-0001186.png,
507-050-0001-0001187,507-050-0001-0001187.png,
507-050-0001-0001188,507-050-0001-0001188.jpg,
507-050-0001-0001189,507-050-0001-0001189.png,
507-050-0001-0001190,507-050-0001-0001190.png,
507-050-0001-0001191,507-050-0001-0001191.png,
507-050-0001-0000963,507-050-0001-0000963.png,
507-050-0001-0001193,507-050-0001-0001193.png,
507-050-0001-0001194,507-050-0001-0001194.png,
507-050-0001-0001195,507-050-0001-0001195.png,
507-050-0001-0001196,507-050-0001-0001196.png,
507-050-0001-0001197,507-050-0001-0001197.png,
507-050-0001-0001198,507-050-0001-0001198.png,
507-050-0001-0001199,507-050-0001-0001199.png,
507-050-0001-0001200,507-050-0001-0001200.png,
507-050-0001-0001201,507-050-0001-0001201.png,
507-050-0001-0001202,507-050-0001-0001202.png,
507-050-0001-0001203,507-050-0001-0001203.png,
507-050-0001-0001204,507-050-0001-0001204.jpg,
507-050-0001-0001205,507-050-0001-0001205.png,
507-050-0001-0001206,507-050-0001-0001206.png,
507-050-0001-0001207,507-050-0001-0001207.png,
507-050-0001-0001208,507-050-0001-0001208.png,
507-050-0001-0001209,507-050-0001-0001209.png,
507-050-0001-0001210,507-050-0001-0001210.png,
507-050-0001-0001211,507-050-0001-0001211.tif,
507-050-0001-0001212,507-050-0001-0001212.tif,
507-050-0001-0001213,507-050-0001-0001213.png,
507-050-0001-0001214,507-050-0001-0001214.png,
507-050-0001-0001215,507-050-0001-0001215.jpg,
507-050-0001-0001216,507-050-0001-0001216.jpg,
507-050-0001-0001217,507-050-0001-0001217.png,
507-050-0001-0001218,507-050-0001-0001218.png,
507-050-0001-0001219,507-050-0001-0001219.png,
507-050-0001-0001220,507-050-0001-0001220.png,
507-050-0001-0001221,507-050-0001-0001221.png,
507-050-0001-0001222,507-050-0001-0001222.PNG,
507-050-0001-0001223,507-050-0001-0001223.PNG,
507-050-0001-0001224,507-050-0001-0001224.PNG,
507-050-0001-0001225,507-050-0001-0001225.PNG,
507-050-0001-0001226,507-050-0001-0001226.PNG,
507-050-0001-0001227,507-050-0001-0001227.PNG,
507-050-0001-0001228,507-050-0001-0001228.PNG,
507-050-0001-0001229,507-050-0001-0001229.PNG,
507-050-0001-0001230,507-050-0001-0001230.PNG,
507-050-0001-0001231,507-050-0001-0001231.PNG,
507-050-0001-0001232,507-050-0001-0001232.PNG,
507-050-0001-0001233,507-050-0001-0001233.PNG,
507-050-0001-0001234,507-050-0001-0001234.PNG,
507-050-0001-0001235,507-050-0001-0001235.PNG,
507-050-0001-0001236,507-050-0001-0001236.PNG,
507-050-0001-0001237,507-050-0001-0001237.PNG,
